order_id,order_date,region,product,units,unit_price,revenue
ORD-01001,2026-07-27,Kutaisi,Mouse,7,32.00,224.00
ORD-01002,2026-08-28,Kutaisi,Headset,7,95.00,665.00
ORD-01003,2026-08-04,Rustavi,Mouse,6,32.00,192.00
ORD-01004,2026-07-23,Tbilisi,Keyboard,9,65.00,585.00
ORD-01005,2026-08-09,Batumi,"Monitor 27""",4,380.00,1520.00
ORD-01006,2026-07-28,Kutaisi,Mouse,2,32.00,64.00
ORD-01007,2026-07-15,Rustavi,Keyboard,11,65.00,715.00
ORD-01008,2026-08-17,Tbilisi,"Monitor 27""",8,380.00,3040.00
ORD-01009,2026-08-15,Tbilisi,Docking station,12,210.00,2520.00
ORD-01010,2026-07-30,Kutaisi,Docking station,5,210.00,1050.00
ORD-01011,2026-07-13,Rustavi,Headset,2,95.00,190.00
ORD-01012,2026-08-28,Rustavi,Keyboard,1,65.00,65.00
ORD-01013,2026-08-16,Kutaisi,Keyboard,7,65.00,455.00
ORD-01014,2026-07-25,Tbilisi,Docking station,2,210.00,420.00
ORD-01015,2026-07-04,Batumi,Keyboard,8,65.00,520.00
ORD-01016,2026-08-30,Kutaisi,Keyboard,5,65.00,325.00
ORD-01017,2026-08-14,Kutaisi,Keyboard,10,65.00,650.00
ORD-01018,2026-08-23,Tbilisi,Keyboard,11,65.00,715.00
ORD-01019,2026-08-25,Batumi,Mouse,8,32.00,256.00
ORD-01020,2026-07-12,Kutaisi,Keyboard,12,65.00,780.00
ORD-01021,2026-07-28,Batumi,Keyboard,12,65.00,780.00
ORD-01022,2026-09-01,Rustavi,"Monitor 27""",7,380.00,2660.00
ORD-01023,2026-08-25,Tbilisi,"Monitor 27""",5,380.00,1900.00
ORD-01024,2026-08-02,Tbilisi,Docking station,7,210.00,1470.00
ORD-01025,2026-07-10,Rustavi,Mouse,8,32.00,256.00
ORD-01026,2026-07-29,Batumi,Mouse,8,32.00,256.00
ORD-01027,2026-07-24,Rustavi,"Laptop 14""",8,1450.00,11600.00
ORD-01028,2026-08-24,Kutaisi,Docking station,2,210.00,420.00
ORD-01029,2026-07-08,Batumi,Headset,5,95.00,475.00
ORD-01030,2026-08-28,Batumi,Docking station,8,210.00,1680.00
ORD-01031,2026-07-26,Tbilisi,Mouse,6,32.00,192.00
ORD-01032,2026-08-27,Kutaisi,Docking station,4,210.00,840.00
ORD-01033,2026-07-15,Rustavi,Keyboard,3,65.00,195.00
ORD-01034,2026-08-07,Rustavi,Docking station,1,210.00,210.00
ORD-01035,2026-07-26,Tbilisi,Mouse,9,32.00,288.00
ORD-01036,2026-08-23,Rustavi,Keyboard,6,65.00,390.00
ORD-01037,2026-07-04,Kutaisi,"Laptop 14""",2,1450.00,2900.00
ORD-01038,2026-07-08,Rustavi,Docking station,11,210.00,2310.00
ORD-01039,2026-07-28,Batumi,"Laptop 14""",3,1450.00,4350.00
ORD-01040,2026-08-29,Tbilisi,Keyboard,7,65.00,455.00
ORD-01041,2026-08-07,Kutaisi,Keyboard,4,65.00,260.00
ORD-01042,2026-07-28,Batumi,Keyboard,5,65.00,325.00
ORD-01043,2026-08-06,Tbilisi,Headset,4,95.00,380.00
ORD-01044,2026-07-30,Kutaisi,Docking station,4,210.00,840.00
ORD-01045,2026-08-23,Rustavi,"Laptop 14""",2,1450.00,2900.00
ORD-01046,2026-08-21,Kutaisi,"Laptop 14""",10,1450.00,14500.00
ORD-01047,2026-07-15,Tbilisi,Docking station,9,210.00,1890.00
ORD-01048,2026-08-20,Tbilisi,"Laptop 14""",9,1450.00,13050.00
ORD-01049,2026-07-10,Kutaisi,Keyboard,2,65.00,130.00
ORD-01050,2026-07-18,Kutaisi,Docking station,7,210.00,1470.00
ORD-01051,2026-08-19,Tbilisi,Keyboard,10,65.00,650.00
ORD-01052,2026-09-01,Kutaisi,"Laptop 14""",8,1450.00,11600.00
ORD-01053,2026-08-01,Rustavi,Headset,11,95.00,1045.00
ORD-01054,2026-07-17,Batumi,"Laptop 14""",7,1450.00,10150.00
ORD-01055,2026-07-11,Batumi,Headset,2,95.00,190.00
ORD-01056,2026-08-09,Batumi,Headset,12,95.00,1140.00
ORD-01057,2026-08-21,Tbilisi,Keyboard,2,65.00,130.00
ORD-01058,2026-07-30,Kutaisi,"Laptop 14""",12,1450.00,17400.00
ORD-01059,2026-08-28,Rustavi,"Monitor 27""",12,380.00,4560.00
ORD-01060,2026-08-06,Batumi,"Monitor 27""",1,380.00,380.00
ORD-01061,2026-08-25,Rustavi,"Laptop 14""",5,1450.00,7250.00
ORD-01062,2026-07-04,Batumi,Mouse,6,32.00,192.00
ORD-01063,2026-08-17,Kutaisi,Mouse,7,32.00,224.00
ORD-01064,2026-08-04,Batumi,Headset,4,95.00,380.00
ORD-01065,2026-07-26,Tbilisi,"Laptop 14""",3,1450.00,4350.00
ORD-01066,2026-08-23,Tbilisi,"Laptop 14""",9,1450.00,13050.00
ORD-01067,2026-07-27,Kutaisi,Keyboard,10,65.00,650.00
ORD-01068,2026-07-18,Rustavi,Docking station,5,210.00,1050.00
ORD-01069,2026-08-27,Tbilisi,"Monitor 27""",9,380.00,3420.00
ORD-01070,2026-08-27,Rustavi,Mouse,9,32.00,288.00
ORD-01071,2026-07-10,Batumi,Headset,2,95.00,190.00
ORD-01072,2026-07-16,Rustavi,Docking station,7,210.00,1470.00
ORD-01073,2026-08-13,Kutaisi,Keyboard,3,65.00,195.00
ORD-01074,2026-07-20,Tbilisi,Docking station,1,210.00,210.00
ORD-01075,2026-08-07,Rustavi,Keyboard,10,65.00,650.00
ORD-01076,2026-08-27,Tbilisi,Docking station,2,210.00,420.00
ORD-01077,2026-08-17,Kutaisi,"Laptop 14""",12,1450.00,17400.00
ORD-01078,2026-07-21,Rustavi,"Monitor 27""",4,380.00,1520.00
ORD-01079,2026-07-30,Rustavi,Mouse,12,32.00,384.00
ORD-01080,2026-08-15,Rustavi,Mouse,5,32.00,160.00
ORD-01081,2026-08-06,Kutaisi,"Laptop 14""",7,1450.00,10150.00
ORD-01082,2026-07-23,Batumi,Mouse,3,32.00,96.00
ORD-01083,2026-07-10,Batumi,"Monitor 27""",2,380.00,760.00
ORD-01084,2026-08-06,Tbilisi,"Laptop 14""",7,1450.00,10150.00
ORD-01085,2026-08-09,Rustavi,"Laptop 14""",1,1450.00,1450.00
ORD-01086,2026-08-12,Batumi,Keyboard,11,65.00,715.00
ORD-01087,2026-08-10,Kutaisi,Mouse,1,32.00,32.00
ORD-01088,2026-07-26,Rustavi,Docking station,9,210.00,1890.00
ORD-01089,2026-08-27,Tbilisi,Mouse,2,32.00,64.00
ORD-01090,2026-08-23,Tbilisi,"Monitor 27""",11,380.00,4180.00
ORD-01091,2026-07-19,Tbilisi,"Laptop 14""",11,1450.00,15950.00
ORD-01092,2026-08-19,Rustavi,Keyboard,1,65.00,65.00
ORD-01093,2026-08-30,Tbilisi,Keyboard,1,65.00,65.00
ORD-01094,2026-09-01,Rustavi,Keyboard,7,65.00,455.00
ORD-01095,2026-08-12,Tbilisi,Headset,3,95.00,285.00
ORD-01096,2026-08-08,Rustavi,"Laptop 14""",1,1450.00,1450.00
ORD-01097,2026-07-12,Batumi,Docking station,5,210.00,1050.00
ORD-01098,2026-07-24,Kutaisi,"Monitor 27""",8,380.00,3040.00
ORD-01099,2026-08-05,Batumi,Keyboard,9,65.00,585.00
ORD-01100,2026-08-14,Kutaisi,Keyboard,12,65.00,780.00
ORD-01101,2026-08-25,Kutaisi,"Laptop 14""",8,1450.00,11600.00
ORD-01102,2026-07-20,Tbilisi,"Monitor 27""",10,380.00,3800.00
ORD-01103,2026-08-11,Tbilisi,Headset,5,95.00,475.00
ORD-01104,2026-08-25,Kutaisi,"Laptop 14""",11,1450.00,15950.00
ORD-01105,2026-08-23,Rustavi,Headset,11,95.00,1045.00
ORD-01106,2026-08-11,Batumi,Keyboard,7,65.00,455.00
ORD-01107,2026-08-17,Tbilisi,"Laptop 14""",1,1450.00,1450.00
ORD-01108,2026-08-05,Tbilisi,"Monitor 27""",8,380.00,3040.00
ORD-01109,2026-07-18,Rustavi,Mouse,8,32.00,256.00
ORD-01110,2026-08-25,Kutaisi,"Monitor 27""",6,380.00,2280.00
ORD-01111,2026-07-25,Batumi,"Monitor 27""",2,380.00,760.00
ORD-01112,2026-08-21,Tbilisi,"Laptop 14""",8,1450.00,11600.00
ORD-01113,2026-08-27,Tbilisi,"Monitor 27""",1,380.00,380.00
ORD-01114,2026-08-13,Rustavi,"Monitor 27""",7,380.00,2660.00
ORD-01115,2026-08-15,Kutaisi,Docking station,9,210.00,1890.00
ORD-01116,2026-08-09,Rustavi,Keyboard,11,65.00,715.00
ORD-01117,2026-07-08,Batumi,"Monitor 27""",3,380.00,1140.00
ORD-01118,2026-07-11,Batumi,"Laptop 14""",11,1450.00,15950.00
ORD-01119,2026-08-03,Tbilisi,"Laptop 14""",2,1450.00,2900.00
ORD-01120,2026-07-23,Kutaisi,Docking station,9,210.00,1890.00
ORD-01121,2026-07-06,Kutaisi,"Monitor 27""",12,380.00,4560.00
ORD-01122,2026-08-14,Kutaisi,"Laptop 14""",4,1450.00,5800.00
ORD-01123,2026-08-29,Batumi,Docking station,12,210.00,2520.00
ORD-01124,2026-07-28,Batumi,Keyboard,12,65.00,780.00
ORD-01125,2026-07-29,Batumi,"Laptop 14""",8,1450.00,11600.00
ORD-01126,2026-07-06,Tbilisi,Headset,6,95.00,570.00
ORD-01127,2026-07-16,Batumi,"Monitor 27""",8,380.00,3040.00
ORD-01128,2026-08-12,Rustavi,"Monitor 27""",1,380.00,380.00
ORD-01129,2026-08-06,Batumi,Headset,4,95.00,380.00
ORD-01130,2026-07-20,Tbilisi,Keyboard,5,65.00,325.00
ORD-01131,2026-07-06,Tbilisi,"Monitor 27""",3,380.00,1140.00
ORD-01132,2026-08-19,Tbilisi,"Laptop 14""",7,1450.00,10150.00
ORD-01133,2026-08-23,Rustavi,Docking station,9,210.00,1890.00
ORD-01134,2026-08-22,Tbilisi,"Laptop 14""",1,1450.00,1450.00
ORD-01135,2026-07-12,Rustavi,"Laptop 14""",12,1450.00,17400.00
ORD-01136,2026-07-17,Batumi,Mouse,8,32.00,256.00
ORD-01137,2026-08-25,Batumi,"Laptop 14""",5,1450.00,7250.00
ORD-01138,2026-08-25,Rustavi,Keyboard,4,65.00,260.00
ORD-01139,2026-07-20,Tbilisi,Keyboard,11,65.00,715.00
ORD-01140,2026-08-31,Batumi,Mouse,8,32.00,256.00
ORD-01141,2026-08-10,Kutaisi,Docking station,10,210.00,2100.00
ORD-01142,2026-07-29,Rustavi,Keyboard,3,65.00,195.00
ORD-01143,2026-08-13,Batumi,"Monitor 27""",1,380.00,380.00
ORD-01144,2026-07-05,Batumi,"Monitor 27""",10,380.00,3800.00
ORD-01145,2026-07-22,Batumi,Keyboard,2,65.00,130.00
ORD-01146,2026-08-31,Kutaisi,"Monitor 27""",2,380.00,760.00
ORD-01147,2026-08-10,Rustavi,"Monitor 27""",8,380.00,3040.00
ORD-01148,2026-08-11,Batumi,Headset,2,95.00,190.00
ORD-01149,2026-07-15,Tbilisi,"Monitor 27""",2,380.00,760.00
ORD-01150,2026-08-02,Kutaisi,Mouse,2,32.00,64.00
ORD-01151,2026-08-04,Rustavi,Docking station,6,210.00,1260.00
ORD-01152,2026-08-07,Rustavi,"Laptop 14""",9,1450.00,13050.00
ORD-01153,2026-08-02,Kutaisi,Mouse,9,32.00,288.00
ORD-01154,2026-08-07,Kutaisi,"Laptop 14""",4,1450.00,5800.00
ORD-01155,2026-07-29,Kutaisi,Keyboard,8,65.00,520.00
ORD-01156,2026-07-19,Rustavi,Docking station,1,210.00,210.00
ORD-01157,2026-08-21,Tbilisi,Mouse,7,32.00,224.00
ORD-01158,2026-08-06,Batumi,Mouse,2,32.00,64.00
ORD-01159,2026-08-13,Rustavi,"Monitor 27""",2,380.00,760.00
ORD-01160,2026-08-25,Tbilisi,Mouse,11,32.00,352.00
ORD-01161,2026-07-06,Kutaisi,"Laptop 14""",7,1450.00,10150.00
ORD-01162,2026-08-04,Tbilisi,"Monitor 27""",4,380.00,1520.00
ORD-01163,2026-08-03,Batumi,Keyboard,11,65.00,715.00
ORD-01164,2026-08-04,Rustavi,"Laptop 14""",8,1450.00,11600.00
ORD-01165,2026-07-08,Kutaisi,Keyboard,2,65.00,130.00
ORD-01166,2026-08-14,Kutaisi,"Monitor 27""",3,380.00,1140.00
ORD-01167,2026-08-21,Kutaisi,Docking station,12,210.00,2520.00
ORD-01168,2026-07-06,Kutaisi,Docking station,8,210.00,1680.00
ORD-01169,2026-08-29,Rustavi,Headset,5,95.00,475.00
ORD-01170,2026-08-27,Tbilisi,Mouse,2,32.00,64.00
ORD-01171,2026-07-23,Batumi,"Monitor 27""",9,380.00,3420.00
ORD-01172,2026-07-22,Batumi,Mouse,8,32.00,256.00
ORD-01173,2026-08-23,Kutaisi,"Laptop 14""",10,1450.00,14500.00
ORD-01174,2026-07-04,Batumi,Headset,11,95.00,1045.00
ORD-01175,2026-07-19,Kutaisi,Keyboard,12,65.00,780.00
ORD-01176,2026-08-17,Kutaisi,Headset,3,95.00,285.00
ORD-01177,2026-07-23,Kutaisi,"Monitor 27""",6,380.00,2280.00
ORD-01178,2026-09-01,Kutaisi,Headset,3,95.00,285.00
ORD-01179,2026-07-06,Tbilisi,Docking station,8,210.00,1680.00
ORD-01180,2026-07-25,Batumi,"Laptop 14""",12,1450.00,17400.00
ORD-01181,2026-07-22,Rustavi,"Monitor 27""",9,380.00,3420.00
ORD-01182,2026-08-27,Tbilisi,"Monitor 27""",4,380.00,1520.00
ORD-01183,2026-07-17,Kutaisi,Mouse,2,32.00,64.00
ORD-01184,2026-08-24,Kutaisi,Docking station,5,210.00,1050.00
ORD-01185,2026-08-15,Batumi,Headset,9,95.00,855.00
ORD-01186,2026-07-20,Tbilisi,"Laptop 14""",5,1450.00,7250.00
ORD-01187,2026-07-29,Rustavi,Mouse,2,32.00,64.00
ORD-01188,2026-08-14,Rustavi,Headset,12,95.00,1140.00
ORD-01189,2026-07-11,Tbilisi,Mouse,6,32.00,192.00
ORD-01190,2026-07-13,Batumi,Docking station,8,210.00,1680.00
ORD-01191,2026-07-22,Kutaisi,"Monitor 27""",1,380.00,380.00
ORD-01192,2026-08-26,Batumi,Headset,5,95.00,475.00
ORD-01193,2026-07-26,Rustavi,Headset,7,95.00,665.00
ORD-01194,2026-08-01,Tbilisi,Mouse,1,32.00,32.00
ORD-01195,2026-07-25,Batumi,"Monitor 27""",7,380.00,2660.00
ORD-01196,2026-08-14,Tbilisi,"Laptop 14""",1,1450.00,1450.00
ORD-01197,2026-07-28,Tbilisi,Mouse,10,32.00,320.00
ORD-01198,2026-08-18,Batumi,Mouse,1,32.00,32.00
ORD-01199,2026-08-28,Rustavi,Keyboard,2,65.00,130.00
ORD-01200,2026-07-09,Tbilisi,"Laptop 14""",2,1450.00,2900.00
ORD-01201,2026-08-20,Tbilisi,"Laptop 14""",12,1450.00,17400.00
ORD-01202,2026-07-23,Rustavi,Headset,9,95.00,855.00
ORD-01203,2026-07-15,Tbilisi,Docking station,12,210.00,2520.00
ORD-01204,2026-07-12,Tbilisi,Keyboard,5,65.00,325.00
ORD-01205,2026-08-04,Batumi,"Laptop 14""",9,1450.00,13050.00
ORD-01206,2026-07-24,Tbilisi,"Laptop 14""",6,1450.00,8700.00
ORD-01207,2026-08-29,Batumi,Headset,6,95.00,570.00
ORD-01208,2026-08-24,Kutaisi,"Laptop 14""",12,1450.00,17400.00
ORD-01209,2026-07-13,Tbilisi,Keyboard,10,65.00,650.00
ORD-01210,2026-08-07,Rustavi,Headset,1,95.00,95.00
ORD-01211,2026-07-13,Kutaisi,"Monitor 27""",1,380.00,380.00
ORD-01212,2026-07-23,Batumi,Mouse,7,32.00,224.00
ORD-01213,2026-07-04,Batumi,Mouse,10,32.00,320.00
ORD-01214,2026-08-25,Tbilisi,Docking station,12,210.00,2520.00
ORD-01215,2026-07-14,Kutaisi,Docking station,1,210.00,210.00
ORD-01216,2026-08-07,Rustavi,Docking station,8,210.00,1680.00
ORD-01217,2026-07-07,Tbilisi,Headset,6,95.00,570.00
ORD-01218,2026-08-09,Kutaisi,"Laptop 14""",2,1450.00,2900.00
ORD-01219,2026-07-23,Kutaisi,"Monitor 27""",3,380.00,1140.00
ORD-01220,2026-07-13,Tbilisi,Headset,6,95.00,570.00
ORD-01221,2026-08-18,Kutaisi,Headset,3,95.00,285.00
ORD-01222,2026-07-11,Rustavi,Keyboard,12,65.00,780.00
ORD-01223,2026-07-12,Tbilisi,Mouse,11,32.00,352.00
ORD-01224,2026-08-07,Kutaisi,Headset,11,95.00,1045.00
ORD-01225,2026-08-14,Kutaisi,Docking station,10,210.00,2100.00
ORD-01226,2026-08-19,Rustavi,"Monitor 27""",8,380.00,3040.00
ORD-01227,2026-08-27,Tbilisi,"Monitor 27""",12,380.00,4560.00
ORD-01228,2026-07-23,Rustavi,Mouse,2,32.00,64.00
ORD-01229,2026-08-04,Rustavi,Docking station,12,210.00,2520.00
ORD-01230,2026-07-21,Batumi,Headset,9,95.00,855.00
ORD-01231,2026-08-04,Kutaisi,Keyboard,8,65.00,520.00
ORD-01232,2026-08-15,Kutaisi,Docking station,3,210.00,630.00
ORD-01233,2026-07-13,Batumi,Keyboard,6,65.00,390.00
ORD-01234,2026-08-06,Tbilisi,Docking station,8,210.00,1680.00
ORD-01235,2026-08-24,Batumi,"Laptop 14""",12,1450.00,17400.00
ORD-01236,2026-07-11,Batumi,Docking station,8,210.00,1680.00
ORD-01237,2026-07-28,Kutaisi,Mouse,11,32.00,352.00
ORD-01238,2026-08-11,Tbilisi,"Monitor 27""",8,380.00,3040.00
ORD-01239,2026-07-04,Kutaisi,Keyboard,4,65.00,260.00
ORD-01240,2026-07-12,Kutaisi,"Monitor 27""",5,380.00,1900.00
