employee_id,full_name,email,phone,iban,date_of_birth,department,monthly_salary_gel
E-0100,Salome Lomidze,salome.lomidze82@example.com,+995 566 59 79 96,GE19BG0163975446528350,1977-10-07,Support,5400
E-0101,Irakli Japaridze,irakli.japaridze83@example.com,+995 565 73 56 55,GE76TB0806000274683869,1988-10-19,Operations,4700
E-0102,Eka Lomidze,eka.lomidze55@example.com,+995 580 12 40 23,GE54BG8973369847565798,1984-11-05,Support,5600
E-0103,Eka Japaridze,eka.japaridze9@example.com,+995 571 07 63 49,GE43LB3868817284138725,1975-06-23,Sales,5500
E-0104,Nika Khutsishvili,nika.khutsishvili56@example.com,+995 587 98 87 07,GE66LB9964029058896642,1966-01-23,Support,4700
E-0105,Ana Chkheidze,ana.chkheidze21@example.com,+995 576 06 52 47,GE70LB8318749989651542,1996-05-15,Support,1800
E-0106,Tamar Gelashvili,tamar.gelashvili95@example.com,+995 597 25 25 85,GE36TB5912254767381346,1996-03-27,Sales,4400
E-0107,Nika Beridze,nika.beridze19@example.com,+995 597 99 14 14,GE49TB6032554022738883,1977-10-11,Finance,3700
E-0108,Ana Khutsishvili,ana.khutsishvili68@example.com,+995 583 38 44 38,GE60BG9655338314949100,1974-03-27,Sales,2800
E-0109,Nino Gelashvili,nino.gelashvili8@example.com,+995 580 25 60 84,GE41BG9228055316863378,1979-01-28,Sales,5900
E-0110,Mariam Beridze,mariam.beridze1@example.com,+995 580 91 08 40,GE48LB1821133985682202,1986-03-16,Operations,5000
E-0111,Nika Chkheidze,nika.chkheidze62@example.com,+995 570 68 99 02,GE14LB1252402161765106,1968-11-08,Support,1800
E-0112,Irakli Chkheidze,irakli.chkheidze49@example.com,+995 561 67 14 50,GE40BG4945938808779421,1986-09-16,Sales,5100
E-0113,Mariam Gelashvili,mariam.gelashvili41@example.com,+995 592 45 31 69,GE25TB6981514874112277,1968-06-09,Sales,5600
E-0114,Giorgi Kapanadze,giorgi.kapanadze53@example.com,+995 587 93 32 60,GE25BG4261441722327353,1982-04-06,Sales,2800
E-0115,Tamar Lomidze,tamar.lomidze84@example.com,+995 565 51 23 07,GE66TB1162510515873747,1987-08-03,Sales,5000
E-0116,Tamar Tsereteli,tamar.tsereteli51@example.com,+995 584 65 81 96,GE13BG6387396152113641,1991-09-04,Finance,5800
E-0117,Giorgi Japaridze,giorgi.japaridze65@example.com,+995 588 53 58 46,GE15TB6377449676966662,1983-11-05,Support,5000
E-0118,Irakli Tsereteli,irakli.tsereteli1@example.com,+995 594 83 05 86,GE31BG0801756592717115,2001-10-12,Operations,5900
E-0119,Irakli Gelashvili,irakli.gelashvili95@example.com,+995 571 29 43 26,GE39LB9055515306315242,1974-04-05,Operations,4300
E-0120,Levan Japaridze,levan.japaridze83@example.com,+995 599 57 54 03,GE17BG9484072585134972,1976-12-01,Support,4000
E-0121,Nino Chkheidze,nino.chkheidze36@example.com,+995 589 80 22 75,GE82TB1720299166354264,1998-05-08,Operations,2200
E-0122,Nika Kapanadze,nika.kapanadze3@example.com,+995 581 96 45 40,GE84BG6482110089293250,1974-06-21,Sales,4400
E-0123,Tamar Beridze,tamar.beridze86@example.com,+995 570 39 96 38,GE24BG3457027872883064,1991-09-04,Operations,1800
E-0124,Mariam Gelashvili,mariam.gelashvili93@example.com,+995 582 81 42 36,GE64BG7580110091007990,2002-06-03,Finance,5900
E-0125,Ana Tsereteli,ana.tsereteli43@example.com,+995 588 69 55 46,GE46LB9784477693586990,1973-12-20,Support,3700
E-0126,Ana Lomidze,ana.lomidze28@example.com,+995 588 74 19 35,GE75TB3097052450597834,1997-09-16,Operations,5200
E-0127,Ana Tsereteli,ana.tsereteli21@example.com,+995 577 49 91 36,GE92LB4911374651358372,1997-10-01,Sales,4500
E-0128,Davit Khutsishvili,davit.khutsishvili83@example.com,+995 599 65 88 72,GE28TB0502803946328179,1984-02-15,Sales,2600
E-0129,Tamar Tsereteli,tamar.tsereteli28@example.com,+995 568 25 34 62,GE62TB5072972036180941,1988-11-07,Sales,2800
E-0130,Ana Japaridze,ana.japaridze95@example.com,+995 593 19 89 54,GE38LB3078507956283037,1966-02-28,Operations,2100
E-0131,Tamar Khutsishvili,tamar.khutsishvili90@example.com,+995 571 54 84 24,GE83BG8229555058464001,1987-03-14,Sales,5800
E-0132,Giorgi Lomidze,giorgi.lomidze6@example.com,+995 571 48 52 76,GE05BG6510375133304414,1979-06-27,Support,5700
E-0133,Ana Tsereteli,ana.tsereteli28@example.com,+995 569 38 83 35,GE46BG0566734250693375,1974-11-24,Sales,6000
E-0134,Luka Tsereteli,luka.tsereteli34@example.com,+995 560 70 53 88,GE96LB4885084193573886,1976-10-01,Operations,3900
E-0135,Nino Kapanadze,nino.kapanadze98@example.com,+995 595 39 72 95,GE95BG5231419774983388,1982-02-10,Operations,4400
E-0136,Nika Japaridze,nika.japaridze97@example.com,+995 588 33 63 13,GE91TB5050044937499241,1973-03-14,Operations,1900
E-0137,Levan Lomidze,levan.lomidze21@example.com,+995 562 33 10 74,GE29LB6136875115265042,1993-05-21,Operations,2800
E-0138,Eka Gelashvili,eka.gelashvili23@example.com,+995 583 24 99 96,GE93TB7547325713110695,1968-10-05,Support,2400
E-0139,Davit Japaridze,davit.japaridze22@example.com,+995 560 24 03 39,GE60LB8787960126562919,2000-01-12,Operations,2200
E-0140,Eka Lomidze,eka.lomidze57@example.com,+995 587 61 95 18,GE19BG0937207232284278,1972-06-03,Finance,3000
E-0141,Nika Japaridze,nika.japaridze93@example.com,+995 587 04 37 08,GE73TB7603508396640600,1978-02-12,Operations,3600
E-0142,Salome Gelashvili,salome.gelashvili66@example.com,+995 559 75 82 98,GE74LB4423116970394022,1976-01-21,Operations,4100
E-0143,Davit Tsereteli,davit.tsereteli7@example.com,+995 599 52 19 91,GE38LB9698736537568992,1972-12-07,Support,5500
E-0144,Tamar Tsereteli,tamar.tsereteli3@example.com,+995 590 56 83 01,GE61TB8664886867635044,1982-06-24,Finance,3000
E-0145,Tamar Beridze,tamar.beridze56@example.com,+995 566 45 12 60,GE90TB8330691195160344,1999-07-05,Sales,3900
E-0146,Eka Kapanadze,eka.kapanadze5@example.com,+995 568 31 25 79,GE88LB7123958447604424,1984-02-22,Finance,5600
E-0147,Levan Beridze,levan.beridze51@example.com,+995 564 23 66 30,GE88LB6247037745772566,2000-05-15,Sales,3900
E-0148,Irakli Chkheidze,irakli.chkheidze7@example.com,+995 564 70 68 52,GE51BG4357114247376001,1993-12-05,Support,5000
E-0149,Eka Lomidze,eka.lomidze49@example.com,+995 576 84 79 67,GE30TB7767469474379612,1975-11-13,Finance,3000
E-0150,Ana Lomidze,ana.lomidze83@example.com,+995 585 56 55 98,GE48LB0473887649694335,1966-10-21,Sales,5100
E-0151,Nino Tsereteli,nino.tsereteli92@example.com,+995 558 81 48 28,GE88BG0686338472114417,1999-05-10,Finance,2800
E-0152,Nino Tsereteli,nino.tsereteli7@example.com,+995 576 80 92 16,GE16BG1401165549662371,1982-11-16,Operations,5600
E-0153,Davit Tsereteli,davit.tsereteli32@example.com,+995 576 54 10 82,GE25TB0117501113365983,1984-03-20,Operations,1800
E-0154,Davit Chkheidze,davit.chkheidze63@example.com,+995 577 81 45 71,GE73TB0733027525544563,1974-04-21,Sales,4900
E-0155,Giorgi Tsereteli,giorgi.tsereteli25@example.com,+995 583 34 90 45,GE85LB2804519252318177,1998-06-17,Finance,1800
E-0156,Eka Kapanadze,eka.kapanadze96@example.com,+995 563 37 33 92,GE12TB3759924871010850,1965-12-14,Finance,5300
E-0157,Salome Chkheidze,salome.chkheidze86@example.com,+995 576 78 16 90,GE10BG6114071970590639,1994-01-22,Sales,2100
E-0158,Ana Khutsishvili,ana.khutsishvili37@example.com,+995 597 81 77 04,GE09TB1194515763719837,1984-03-12,Sales,4700
E-0159,Levan Chkheidze,levan.chkheidze15@example.com,+995 562 03 55 59,GE07BG9107061414618870,1995-04-03,Support,1800
