sku,item,warehouse,on_hand,reorder_level
SKU-03001,Safety vest 2,Tbilisi DC,894,135
SKU-03002,Thermal blanket 5,Batumi Port,545,157
SKU-03003,Euro pallet 1,Kutaisi Hub,753,170
SKU-03004,Pallet wrap 4,Batumi Port,465,113
SKU-03005,Thermal blanket 3,Kutaisi Hub,75,83
SKU-03006,Dock bumper 4,Kutaisi Hub,392,128
SKU-03007,Euro pallet 2,Batumi Port,295,84
SKU-03009,Pallet wrap 6,Tbilisi DC,634,179
SKU-03010,Dock bumper 5,Batumi Port,847,103
SKU-03011,Label roll 3,Batumi Port,708,81
SKU-03012,Pallet wrap 8,Tbilisi DC,185,54
SKU-03013,Safety vest 3,Batumi Port,376,194
SKU-03014,Dock bumper 2,Kutaisi Hub,486,64
SKU-03015,Carton 60x40 7,Tbilisi DC,124,178
SKU-03016,Carton 60x40 5,Tbilisi DC,136,146
SKU-03017,Bubble film 1,Tbilisi DC,795,54
SKU-03018,Euro pallet 6,Kutaisi Hub,706,56
SKU-03019,Label roll 3,Tbilisi DC,529,190
SKU-03020,Pallet wrap 6,Kutaisi Hub,474,32
SKU-03021,Label roll 2,Kutaisi Hub,719,46
SKU-03022,Corner boards 5,Tbilisi DC,305,41
SKU-03023,Euro pallet 5,Kutaisi Hub,765,172
SKU-03025,Corner boards 6,Kutaisi Hub,732,163
SKU-03026,Thermal blanket 6,Tbilisi DC,896,35
SKU-03027,Thermal blanket 5,Batumi Port,177,157
SKU-03028,Thermal blanket 2,Kutaisi Hub,507,110
SKU-03029,Safety vest 5,Tbilisi DC,559,158
SKU-03030,Thermal blanket 5,Kutaisi Hub,431,170
SKU-03031,Thermal blanket 7,Kutaisi Hub,694,149
SKU-03032,Euro pallet 7,Tbilisi DC,447,42
SKU-03033,Label roll 8,Tbilisi DC,553,57
SKU-03034,Dock bumper 3,Tbilisi DC,134,185
SKU-03035,Pallet wrap 3,Batumi Port,326,72
SKU-03036,Label roll 8,Kutaisi Hub,133,29
SKU-03037,Pallet wrap 1,Kutaisi Hub,731,120
SKU-03038,Thermal blanket 3,Tbilisi DC,317,75
SKU-03039,Dock bumper 3,Kutaisi Hub,147,137
SKU-03040,Label roll 9,Kutaisi Hub,344,101
SKU-03041,Carton 60x40 5,Batumi Port,401,189
SKU-03043,Carton 60x40 8,Tbilisi DC,74,117
SKU-03044,Carton 60x40 4,Tbilisi DC,111,140
SKU-03045,Bubble film 1,Batumi Port,705,51
SKU-03046,Euro pallet 4,Batumi Port,617,98
SKU-03047,Corner boards 8,Tbilisi DC,767,117
SKU-03048,Dock bumper 6,Kutaisi Hub,0,132
SKU-03049,Corner boards 3,Kutaisi Hub,301,179
SKU-03050,Safety vest 2,Tbilisi DC,836,200
SKU-03051,Euro pallet 5,Tbilisi DC,908,109
SKU-03052,Euro pallet 3,Kutaisi Hub,516,102
SKU-03053,Dock bumper 9,Kutaisi Hub,517,113
SKU-03054,Thermal blanket 4,Kutaisi Hub,434,24
SKU-03055,Label roll 8,Batumi Port,488,117
SKU-03056,Cargo straps 8,Batumi Port,436,109
SKU-03057,Bubble film 5,Kutaisi Hub,728,197
SKU-03058,Safety vest 3,Tbilisi DC,136,35
SKU-03059,Safety vest 8,Batumi Port,28,128
SKU-03060,Bubble film 9,Batumi Port,173,160
SKU-03061,Pallet wrap 9,Tbilisi DC,0,131
SKU-03062,Euro pallet 6,Kutaisi Hub,723,26
SKU-03063,Thermal blanket 8,Batumi Port,597,61
SKU-03064,Dock bumper 5,Tbilisi DC,39,195
SKU-03065,Dock bumper 9,Kutaisi Hub,707,87
SKU-03066,Carton 60x40 5,Tbilisi DC,284,171
SKU-03067,Corner boards 9,Batumi Port,625,194
SKU-03068,Cargo straps 1,Kutaisi Hub,876,174
SKU-03069,Cargo straps 4,Tbilisi DC,40,45
SKU-03070,Cargo straps 9,Tbilisi DC,219,162
SKU-03071,Corner boards 9,Tbilisi DC,193,181
SKU-03072,Label roll 3,Kutaisi Hub,688,102
SKU-03073,Carton 60x40 5,Batumi Port,240,173
SKU-03074,Euro pallet 4,Tbilisi DC,47,193
SKU-03075,Carton 60x40 7,Tbilisi DC,758,153
SKU-03076,Euro pallet 8,Batumi Port,472,149
SKU-03077,Carton 60x40 4,Kutaisi Hub,611,146
SKU-03078,Carton 60x40 1,Kutaisi Hub,125,182
SKU-03079,Pallet wrap 9,Batumi Port,183,52
SKU-03080,Safety vest 5,Kutaisi Hub,565,175
SKU-03081,New line 1,Tbilisi DC,327,119
SKU-03082,New line 2,Batumi Port,102,42
SKU-03083,New line 3,Tbilisi DC,124,126
SKU-03084,New line 4,Batumi Port,250,115
SKU-03085,New line 5,Batumi Port,173,119
SKU-03086,New line 6,Batumi Port,138,132
