ticket_id,opened_on,category,priority,agent,resolution_hours,satisfaction_1_to_5
T-05001,2026-06-30,Upload,Urgent,Mariam,1.0,2
T-05002,2026-07-18,Upload,Low,Nino,42.9,2
T-05003,2026-07-06,Login,Low,Giorgi,21.7,1
T-05004,2026-08-02,Billing,Low,Levan,6.6,5
T-05005,2026-08-11,Upload,High,Nino,14.0,1
T-05006,2026-07-26,Reports,Medium,Nino,24.6,5
T-05007,2026-06-29,Reports,Low,Mariam,27.9,5
T-05008,2026-06-13,Upload,Medium,Giorgi,21.1,4
T-05009,2026-06-27,Billing,Urgent,Nino,2.9,3
T-05010,2026-07-23,Login,Urgent,Giorgi,1.1,1
T-05011,2026-07-22,Reports,High,Giorgi,10.4,2
T-05012,2026-06-20,Billing,Medium,Nino,59.1,4
T-05013,2026-07-25,Reports,Low,Mariam,54.5,5
T-05014,2026-08-08,Billing,Low,Giorgi,25.6,5
T-05015,2026-06-13,Other,Low,Levan,16.8,4
T-05016,2026-06-26,Billing,Medium,Mariam,46.9,5
T-05017,2026-07-14,Billing,Low,Mariam,42.6,4
T-05018,2026-08-28,Reports,Medium,Nino,43.8,2
T-05019,2026-07-16,Reports,Urgent,Nino,2.3,1
T-05020,2026-07-04,Billing,Low,Levan,1.5,1
T-05021,2026-07-28,Other,High,Nino,60.9,4
T-05022,2026-08-09,Other,Medium,Mariam,10.6,3
T-05023,2026-06-07,Upload,Urgent,Mariam,5.9,2
T-05024,2026-06-09,Login,Low,Giorgi,12.0,5
T-05025,2026-08-11,Reports,Low,Giorgi,2.5,3
T-05026,2026-06-11,Login,Medium,Giorgi,17.1,4
T-05027,2026-06-17,Login,Urgent,Levan,7.6,1
T-05028,2026-08-27,Other,Medium,Giorgi,29.5,4
T-05029,2026-07-31,Login,Medium,Giorgi,29.0,5
T-05030,2026-06-07,Other,Medium,Mariam,61.0,4
T-05031,2026-08-25,Other,Medium,Mariam,35.2,3
T-05032,2026-08-23,Upload,Medium,Levan,4.5,2
T-05033,2026-08-25,Upload,Low,Levan,27.2,3
T-05034,2026-08-07,Billing,Low,Nino,22.0,4
T-05035,2026-08-15,Billing,Low,Giorgi,53.0,4
T-05036,2026-08-26,Login,Urgent,Levan,5.5,5
T-05037,2026-06-10,Login,Low,Mariam,42.6,1
T-05038,2026-08-11,Reports,Urgent,Mariam,3.9,3
T-05039,2026-07-10,Login,Low,Mariam,3.2,5
T-05040,2026-07-05,Upload,Low,Levan,42.0,5
T-05041,2026-08-11,Billing,Urgent,Giorgi,7.3,1
T-05042,2026-07-06,Login,High,Mariam,48.9,5
T-05043,2026-06-07,Upload,Medium,Mariam,60.3,2
T-05044,2026-08-29,Upload,Low,Nino,65.3,2
T-05045,2026-07-13,Other,Medium,Giorgi,17.2,3
T-05046,2026-06-16,Login,Urgent,Levan,3.1,3
T-05047,2026-08-17,Upload,Low,Levan,5.5,1
T-05048,2026-08-19,Reports,Low,Mariam,48.7,3
T-05049,2026-07-20,Other,Urgent,Nino,2.6,3
T-05050,2026-08-10,Login,Medium,Nino,66.1,5
T-05051,2026-07-19,Billing,Medium,Levan,70.2,1
T-05052,2026-08-16,Upload,Low,Mariam,1.1,2
T-05053,2026-07-07,Other,Urgent,Levan,7.3,1
T-05054,2026-08-28,Other,Low,Mariam,35.1,3
T-05055,2026-07-09,Login,Urgent,Mariam,6.2,2
T-05056,2026-07-30,Reports,High,Giorgi,26.0,3
T-05057,2026-06-28,Other,Low,Levan,23.3,1
T-05058,2026-07-25,Upload,High,Mariam,49.4,1
T-05059,2026-08-03,Other,Low,Nino,7.6,4
T-05060,2026-07-21,Login,High,Nino,0.9,1
T-05061,2026-06-10,Billing,Low,Levan,71.3,1
T-05062,2026-07-21,Login,Urgent,Levan,6.0,1
T-05063,2026-06-05,Billing,Medium,Nino,19.8,3
T-05064,2026-06-21,Upload,Medium,Giorgi,16.4,3
T-05065,2026-08-23,Billing,Medium,Nino,36.5,5
T-05066,2026-06-04,Billing,Urgent,Mariam,1.4,4
T-05067,2026-06-12,Billing,Medium,Mariam,15.1,5
T-05068,2026-06-09,Billing,High,Nino,69.5,2
T-05069,2026-08-08,Reports,Medium,Levan,41.1,4
T-05070,2026-07-21,Reports,Low,Mariam,46.9,1
T-05071,2026-07-18,Upload,Medium,Nino,65.5,1
T-05072,2026-08-24,Reports,Low,Nino,41.1,1
T-05073,2026-06-29,Other,Low,Levan,27.8,1
T-05074,2026-07-24,Upload,Urgent,Levan,5.0,5
T-05075,2026-08-02,Other,Medium,Mariam,27.8,1
T-05076,2026-07-22,Upload,Medium,Levan,30.2,5
T-05077,2026-07-07,Reports,Low,Levan,39.3,5
T-05078,2026-08-18,Billing,Low,Giorgi,18.5,3
T-05079,2026-06-28,Other,Medium,Giorgi,41.4,2
T-05080,2026-07-07,Billing,Medium,Giorgi,20.2,3
T-05081,2026-07-07,Billing,Low,Mariam,45.5,1
T-05082,2026-07-06,Billing,High,Mariam,48.4,2
T-05083,2026-08-24,Other,Medium,Levan,23.2,3
T-05084,2026-08-06,Login,Medium,Nino,24.9,1
T-05085,2026-07-26,Login,High,Giorgi,59.9,3
T-05086,2026-07-09,Reports,Medium,Nino,41.5,2
T-05087,2026-06-13,Other,High,Mariam,15.1,1
T-05088,2026-07-24,Reports,High,Mariam,62.4,4
T-05089,2026-07-12,Other,Urgent,Mariam,5.1,1
T-05090,2026-06-22,Upload,Low,Levan,58.0,4
T-05091,2026-07-18,Reports,Low,Mariam,53.5,5
T-05092,2026-08-05,Billing,Medium,Nino,5.0,3
T-05093,2026-06-07,Login,High,Giorgi,15.1,4
T-05094,2026-06-17,Login,High,Mariam,22.0,3
T-05095,2026-08-16,Login,Urgent,Nino,5.6,1
T-05096,2026-06-21,Login,Medium,Nino,65.2,3
T-05097,2026-08-25,Login,Medium,Nino,51.8,1
T-05098,2026-08-17,Other,Low,Mariam,27.6,1
T-05099,2026-06-19,Reports,Low,Giorgi,64.9,3
T-05100,2026-06-17,Upload,High,Mariam,7.2,4
T-05101,2026-08-06,Other,Medium,Nino,41.4,1
T-05102,2026-06-15,Login,Medium,Mariam,14.1,4
T-05103,2026-06-19,Reports,Low,Mariam,25.9,2
T-05104,2026-06-11,Other,High,Nino,57.5,1
T-05105,2026-08-26,Upload,Medium,Mariam,50.9,5
T-05106,2026-07-02,Upload,Low,Nino,69.2,2
T-05107,2026-07-29,Billing,High,Mariam,56.4,1
T-05108,2026-08-02,Reports,Medium,Mariam,70.4,5
T-05109,2026-08-28,Upload,Medium,Nino,1.4,2
T-05110,2026-06-12,Billing,Low,Nino,30.5,3
T-05111,2026-07-04,Other,Urgent,Nino,7.2,1
T-05112,2026-06-08,Billing,Medium,Nino,22.7,3
T-05113,2026-06-24,Reports,Medium,Giorgi,58.4,2
T-05114,2026-07-24,Reports,Low,Giorgi,48.2,4
T-05115,2026-07-30,Upload,High,Levan,35.8,2
T-05116,2026-06-15,Reports,Medium,Mariam,26.2,4
T-05117,2026-06-29,Billing,Low,Nino,2.0,3
T-05118,2026-06-07,Other,Urgent,Nino,6.9,1
T-05119,2026-07-29,Other,Urgent,Mariam,5.1,1
T-05120,2026-08-18,Login,Low,Levan,45.2,2
T-05121,2026-06-09,Login,Urgent,Mariam,5.8,3
T-05122,2026-08-30,Login,Low,Levan,63.8,3
T-05123,2026-06-29,Login,Low,Giorgi,63.5,2
T-05124,2026-08-05,Other,Medium,Mariam,39.4,2
T-05125,2026-08-19,Login,Medium,Nino,20.9,2
T-05126,2026-08-03,Billing,High,Nino,29.4,3
T-05127,2026-08-06,Other,Low,Levan,1.4,3
T-05128,2026-07-01,Other,Urgent,Levan,5.9,2
T-05129,2026-07-25,Billing,Low,Levan,39.9,3
T-05130,2026-07-26,Upload,High,Nino,26.8,5
T-05131,2026-07-23,Billing,Medium,Levan,16.0,3
T-05132,2026-08-18,Login,Medium,Levan,33.2,1
T-05133,2026-08-29,Login,Low,Levan,50.1,2
T-05134,2026-08-03,Other,Urgent,Nino,3.9,5
T-05135,2026-06-23,Other,Medium,Nino,68.4,3
T-05136,2026-08-25,Upload,Medium,Nino,7.0,2
T-05137,2026-06-07,Billing,High,Levan,7.6,4
T-05138,2026-07-13,Upload,Low,Levan,68.7,5
T-05139,2026-07-21,Login,Urgent,Nino,2.0,2
T-05140,2026-07-12,Upload,Urgent,Mariam,7.3,3
T-05141,2026-07-24,Billing,High,Nino,23.5,1
T-05142,2026-08-18,Reports,Low,Mariam,3.0,5
T-05143,2026-08-13,Other,High,Mariam,71.9,1
T-05144,2026-06-14,Upload,High,Nino,37.9,4
T-05145,2026-06-10,Upload,Medium,Nino,23.2,1
T-05146,2026-06-14,Reports,Medium,Nino,63.1,3
T-05147,2026-07-16,Other,Low,Mariam,19.3,5
T-05148,2026-07-21,Upload,Low,Levan,27.5,4
T-05149,2026-07-03,Upload,Low,Nino,23.4,3
T-05150,2026-07-22,Login,Low,Levan,21.8,1
T-05151,2026-06-13,Reports,Urgent,Giorgi,2.9,2
T-05152,2026-07-10,Reports,Medium,Levan,71.3,2
T-05153,2026-08-22,Reports,Medium,Mariam,45.7,4
T-05154,2026-08-31,Upload,Urgent,Mariam,4.9,4
T-05155,2026-07-31,Reports,Medium,Mariam,22.9,1
T-05156,2026-06-11,Login,Medium,Mariam,65.6,5
T-05157,2026-06-06,Reports,Low,Levan,39.3,1
T-05158,2026-07-29,Billing,Urgent,Mariam,0.8,1
T-05159,2026-06-15,Reports,Medium,Nino,12.8,2
T-05160,2026-08-28,Reports,Low,Nino,4.5,1
T-05161,2026-06-12,Other,Urgent,Nino,4.8,4
T-05162,2026-08-28,Upload,Low,Nino,31.3,1
T-05163,2026-08-28,Upload,Urgent,Mariam,7.8,5
T-05164,2026-07-14,Upload,Low,Nino,71.0,1
T-05165,2026-06-11,Billing,High,Nino,56.7,5
T-05166,2026-06-08,Login,Low,Mariam,69.5,2
T-05167,2026-06-15,Other,Urgent,Giorgi,1.1,3
T-05168,2026-06-09,Reports,Medium,Levan,51.0,2
T-05169,2026-06-18,Billing,Low,Levan,24.6,5
T-05170,2026-08-05,Login,Medium,Levan,65.1,3
T-05171,2026-08-13,Billing,Low,Giorgi,19.9,3
T-05172,2026-07-28,Reports,Low,Giorgi,56.0,3
T-05173,2026-08-19,Billing,Low,Mariam,13.5,2
T-05174,2026-09-01,Reports,Low,Mariam,13.8,5
T-05175,2026-08-13,Other,Urgent,Mariam,1.2,2
T-05176,2026-07-03,Billing,Medium,Nino,5.2,2
T-05177,2026-08-20,Login,Low,Nino,64.2,3
T-05178,2026-08-18,Login,Low,Levan,8.0,3
T-05179,2026-06-15,Reports,Low,Nino,50.9,5
T-05180,2026-07-31,Login,Low,Levan,58.7,1
T-05181,2026-06-19,Upload,High,Giorgi,48.4,3
T-05182,2026-06-09,Billing,Medium,Mariam,66.7,4
T-05183,2026-07-07,Login,Medium,Giorgi,5.9,2
T-05184,2026-08-11,Other,Medium,Giorgi,65.8,2
T-05185,2026-06-28,Upload,Urgent,Levan,2.8,1
T-05186,2026-06-23,Reports,Low,Mariam,39.3,5
T-05187,2026-07-25,Login,Low,Levan,69.2,1
T-05188,2026-06-08,Billing,Low,Mariam,11.7,4
T-05189,2026-08-19,Reports,Urgent,Giorgi,4.4,1
T-05190,2026-08-04,Other,Medium,Nino,5.7,2
T-05191,2026-07-15,Login,Urgent,Levan,5.0,4
T-05192,2026-07-08,Billing,Low,Giorgi,61.4,1
T-05193,2026-08-31,Reports,Medium,Levan,50.4,2
T-05194,2026-06-06,Login,Urgent,Nino,2.0,5
T-05195,2026-07-21,Login,High,Mariam,64.0,2
T-05196,2026-07-19,Billing,Low,Giorgi,40.2,4
T-05197,2026-06-23,Other,Medium,Nino,25.4,3
T-05198,2026-06-28,Upload,Low,Giorgi,46.9,4
T-05199,2026-07-28,Reports,Urgent,Giorgi,3.1,4
T-05200,2026-08-04,Login,Low,Nino,22.6,3
T-05201,2026-08-30,Reports,High,Levan,6.0,2
T-05202,2026-06-25,Billing,Urgent,Nino,3.7,3
T-05203,2026-08-09,Other,Low,Giorgi,13.3,2
T-05204,2026-08-26,Billing,Urgent,Levan,3.7,1
T-05205,2026-06-12,Reports,High,Levan,15.9,5
T-05206,2026-09-01,Billing,Low,Mariam,10.0,5
T-05207,2026-06-26,Billing,Medium,Giorgi,63.9,2
T-05208,2026-08-21,Login,High,Giorgi,60.6,4
T-05209,2026-08-05,Login,High,Levan,55.9,2
T-05210,2026-07-16,Billing,Medium,Levan,44.0,2
T-05211,2026-07-11,Login,Low,Nino,59.4,3
T-05212,2026-06-05,Billing,Urgent,Nino,5.8,1
T-05213,2026-06-27,Billing,High,Levan,71.5,2
T-05214,2026-08-25,Upload,Medium,Giorgi,52.4,1
T-05215,2026-06-20,Reports,Medium,Nino,55.2,4
T-05216,2026-07-18,Reports,High,Giorgi,22.2,4
T-05217,2026-08-05,Other,Urgent,Levan,6.8,2
T-05218,2026-07-21,Upload,Low,Nino,15.1,3
T-05219,2026-07-08,Login,Low,Giorgi,70.3,5
T-05220,2026-09-01,Upload,Urgent,Levan,7.9,3
T-05221,2026-08-19,Login,Urgent,Giorgi,2.3,4
T-05222,2026-08-11,Login,Low,Nino,15.7,5
T-05223,2026-07-25,Reports,Urgent,Giorgi,2.3,2
T-05224,2026-07-11,Billing,Urgent,Giorgi,7.1,2
T-05225,2026-07-17,Upload,Low,Giorgi,10.8,5
T-05226,2026-06-28,Reports,Urgent,Mariam,2.7,4
T-05227,2026-07-09,Billing,Low,Mariam,18.1,3
T-05228,2026-08-28,Reports,High,Mariam,29.7,2
T-05229,2026-07-01,Billing,Low,Giorgi,11.1,3
T-05230,2026-08-07,Reports,Medium,Nino,35.6,3
T-05231,2026-07-15,Billing,Medium,Giorgi,37.9,3
T-05232,2026-08-23,Login,Low,Levan,68.3,1
T-05233,2026-06-13,Upload,Low,Mariam,48.9,2
T-05234,2026-07-01,Reports,Medium,Levan,18.0,2
T-05235,2026-07-21,Billing,Urgent,Levan,7.7,4
T-05236,2026-06-10,Other,Medium,Levan,20.9,5
T-05237,2026-08-02,Other,High,Mariam,53.4,5
T-05238,2026-08-26,Other,Medium,Nino,34.3,2
T-05239,2026-08-27,Login,Medium,Levan,4.2,4
T-05240,2026-06-14,Upload,Low,Mariam,50.1,5
T-05241,2026-07-14,Login,Low,Giorgi,55.9,4
T-05242,2026-07-09,Upload,Urgent,Giorgi,4.1,1
T-05243,2026-06-06,Login,High,Mariam,37.1,3
T-05244,2026-07-29,Reports,Medium,Nino,15.0,5
T-05245,2026-07-02,Login,Medium,Mariam,28.2,4
T-05246,2026-07-31,Other,Low,Giorgi,17.0,2
T-05247,2026-08-13,Upload,High,Giorgi,21.6,4
T-05248,2026-07-09,Login,Medium,Levan,24.1,4
T-05249,2026-06-07,Billing,Low,Giorgi,41.0,5
T-05250,2026-07-27,Upload,Urgent,Giorgi,4.2,5
T-05251,2026-08-19,Reports,Medium,Levan,62.4,1
T-05252,2026-07-04,Reports,Medium,Levan,47.1,4
T-05253,2026-07-29,Reports,Urgent,Giorgi,7.6,3
T-05254,2026-08-17,Billing,Medium,Giorgi,65.3,3
T-05255,2026-06-22,Login,High,Levan,46.6,2
T-05256,2026-06-06,Login,Urgent,Mariam,6.7,5
T-05257,2026-08-07,Reports,Low,Nino,67.3,3
T-05258,2026-07-01,Reports,Medium,Giorgi,30.2,4
T-05259,2026-08-24,Login,High,Giorgi,8.0,4
T-05260,2026-08-25,Upload,Medium,Levan,13.3,3
T-05261,2026-08-28,Billing,Medium,Levan,70.9,2
T-05262,2026-08-25,Reports,Low,Nino,48.1,2
T-05263,2026-08-30,Reports,Medium,Levan,65.4,3
T-05264,2026-06-07,Login,High,Nino,58.4,5
T-05265,2026-07-12,Other,Low,Mariam,45.2,3
T-05266,2026-06-27,Other,Low,Mariam,10.0,5
T-05267,2026-08-12,Reports,Low,Nino,0.9,3
T-05268,2026-08-14,Upload,Low,Nino,48.0,3
T-05269,2026-06-10,Reports,High,Giorgi,48.0,4
T-05270,2026-08-09,Reports,High,Levan,15.0,4
T-05271,2026-06-26,Reports,High,Nino,11.7,2
T-05272,2026-07-28,Reports,Urgent,Giorgi,2.8,5
T-05273,2026-07-22,Reports,Medium,Levan,60.6,5
T-05274,2026-07-22,Other,Medium,Mariam,4.1,3
T-05275,2026-07-23,Upload,Low,Mariam,48.8,5
T-05276,2026-07-24,Other,Urgent,Nino,3.8,4
T-05277,2026-08-22,Other,Medium,Giorgi,38.4,2
T-05278,2026-08-09,Login,Urgent,Mariam,4.5,3
T-05279,2026-06-04,Billing,Low,Mariam,57.0,3
T-05280,2026-06-07,Billing,Medium,Mariam,62.4,3
T-05281,2026-07-20,Upload,Urgent,Mariam,2.9,3
T-05282,2026-07-01,Billing,Urgent,Levan,2.1,5
T-05283,2026-07-08,Billing,Medium,Levan,53.4,1
T-05284,2026-06-18,Reports,Medium,Levan,41.8,2
T-05285,2026-06-15,Login,Urgent,Giorgi,4.7,1
T-05286,2026-08-08,Other,Low,Levan,25.6,5
T-05287,2026-08-28,Other,Low,Giorgi,19.5,1
T-05288,2026-07-28,Billing,High,Mariam,19.7,2
T-05289,2026-06-06,Reports,High,Nino,31.7,2
T-05290,2026-07-07,Upload,Medium,Giorgi,19.5,5
T-05291,2026-06-25,Other,High,Nino,42.5,1
T-05292,2026-07-23,Reports,High,Giorgi,22.9,4
T-05293,2026-08-23,Reports,Medium,Mariam,61.8,3
T-05294,2026-08-16,Login,Medium,Levan,51.9,4
T-05295,2026-07-04,Login,Low,Giorgi,67.2,2
T-05296,2026-07-02,Reports,High,Giorgi,48.7,5
T-05297,2026-08-23,Upload,Urgent,Mariam,3.2,1
T-05298,2026-07-07,Upload,Low,Mariam,46.7,2
T-05299,2026-07-26,Other,Low,Levan,62.2,1
T-05300,2026-06-26,Upload,Medium,Giorgi,48.9,4
T-05301,2026-06-22,Upload,Low,Giorgi,35.7,4
T-05302,2026-08-09,Login,Low,Giorgi,18.4,1
T-05303,2026-06-27,Upload,High,Mariam,21.5,3
T-05304,2026-06-14,Upload,Low,Giorgi,66.5,1
T-05305,2026-08-07,Billing,Low,Mariam,39.4,3
T-05306,2026-08-03,Other,Medium,Nino,14.8,2
T-05307,2026-06-08,Billing,Urgent,Mariam,1.9,4
T-05308,2026-07-12,Billing,Low,Levan,19.6,4
T-05309,2026-06-19,Reports,Medium,Nino,58.9,3
T-05310,2026-08-23,Upload,Urgent,Nino,5.5,4
T-05311,2026-08-04,Login,Medium,Giorgi,69.5,2
T-05312,2026-08-07,Login,High,Giorgi,15.6,2
T-05313,2026-07-19,Reports,High,Nino,58.6,5
T-05314,2026-07-01,Billing,Medium,Mariam,12.4,4
T-05315,2026-06-16,Upload,Medium,Giorgi,37.4,5
T-05316,2026-08-04,Reports,Low,Giorgi,1.9,5
T-05317,2026-06-29,Reports,Medium,Mariam,35.6,3
T-05318,2026-07-03,Other,High,Levan,33.7,4
T-05319,2026-07-03,Login,Medium,Nino,55.1,1
T-05320,2026-08-12,Reports,Low,Levan,3.7,3
